-5,-14,xnN6pN19w0FDQuAv3qxXnogikpI=,28PDdr6yVs6x/hTqCi3r4xHfKXk=
-4,-14,xnN6pN19w0FDQuAv3qxXnogikpI=,nW58X4v9rQhK/vsXLCACq5eqSis=
-4,-15,xnN6pN19w0FDQuAv3qxXnogikpI=,c3HTbOmWk/g4XAE8j82mR6RBxlw=
-5,-15,xnN6pN19w0FDQuAv3qxXnogikpI=,i9nTD2WO7p++h/kqa+ucU6V7ZL8=
-3,-14,xnN6pN19w0FDQuAv3qxXnogikpI=,nW58X4v9rQhK/vsXLCACq5eqSis=
-2,-14,xnN6pN19w0FDQuAv3qxXnogikpI=,iB+kAha0jYlxe8XsOGoPk6zo3TI=
-2,-15,xnN6pN19w0FDQuAv3qxXnogikpI=,/PTKl0A2g1Ee20Hr6GYWOmTBJMM=
-3,-15,xnN6pN19w0FDQuAv3qxXnogikpI=,c3HTbOmWk/g4XAE8j82mR6RBxlw=
-3,-13,ELlSSBRUnHVAMIK3Sb9I+xGOwmo=,nW58X4v9rQhK/vsXLCACq5eqSis=
-3,-12,ELlSSBRUnHVAMIK3Sb9I+xGOwmo=,phXRu7j10/5Pm3WMLMzNRIg6sAM=
-2,-13,ELlSSBRUnHVAMIK3Sb9I+xGOwmo=,iB+kAha0jYlxe8XsOGoPk6zo3TI=
-2,-12,ELlSSBRUnHVAMIK3Sb9I+xGOwmo=,8bYmEan9etFVBE77zeKauNyCHJE=
-3,-11,ELlSSBRUnHVAMIK3Sb9I+xGOwmo=,phXRu7j10/5Pm3WMLMzNRIg6sAM=
-3,-10,ELlSSBRUnHVAMIK3Sb9I+xGOwmo=,Og8Q/JWKRzOgUfz7qQGSagvp6Cs=
-2,-10,ELlSSBRUnHVAMIK3Sb9I+xGOwmo=,5j2q1aZeBDL27jUTrc52+NoOTD4=
-2,-11,ELlSSBRUnHVAMIK3Sb9I+xGOwmo=,8bYmEan9etFVBE77zeKauNyCHJE=
-5,-9,ELlSSBRUnHVAMIK3Sb9I+xGOwmo=,JIGoU7YrkGGBYoe0iBdGUWT4zoo=
-5,-8,ELlSSBRUnHVAMIK3Sb9I+xGOwmo=,n2uxUKj04io2TmDiijnv7ddtREw=
-4,-9,ELlSSBRUnHVAMIK3Sb9I+xGOwmo=,Og8Q/JWKRzOgUfz7qQGSagvp6Cs=
-3,-9,ELlSSBRUnHVAMIK3Sb9I+xGOwmo=,Og8Q/JWKRzOgUfz7qQGSagvp6Cs=
-2,-8,ELlSSBRUnHVAMIK3Sb9I+xGOwmo=,TNjEXJ+5etr2OIpGTZRJPruG+3M=
-3,-8,ELlSSBRUnHVAMIK3Sb9I+xGOwmo=,waygNeJC3MhMnA3BHW4H1W5wZ+E=
-4,-8,ELlSSBRUnHVAMIK3Sb9I+xGOwmo=,waygNeJC3MhMnA3BHW4H1W5wZ+E=
-2,-9,ELlSSBRUnHVAMIK3Sb9I+xGOwmo=,5j2q1aZeBDL27jUTrc52+NoOTD4=
-2,-7,ELlSSBRUnHVAMIK3Sb9I+xGOwmo=,TNjEXJ+5etr2OIpGTZRJPruG+3M=
-3,-7,ELlSSBRUnHVAMIK3Sb9I+xGOwmo=,waygNeJC3MhMnA3BHW4H1W5wZ+E=
-2,-6,ELlSSBRUnHVAMIK3Sb9I+xGOwmo=,4BvO9YA7R3YQXg5grXZddXEFHY8=
-3,-6,ELlSSBRUnHVAMIK3Sb9I+xGOwmo=,2I6qcef/ultP8o0jDVlsXtHFwT0=
-3,-4,ELlSSBRUnHVAMIK3Sb9I+xGOwmo=,TsEv5y6QwXAQC+2t8Oh3WJUZJ+4=
-3,-5,ELlSSBRUnHVAMIK3Sb9I+xGOwmo=,2I6qcef/ultP8o0jDVlsXtHFwT0=
-2,-4,ELlSSBRUnHVAMIK3Sb9I+xGOwmo=,u7Yyf4VJwPusUDSg40KA4lLgTIw=
-2,-5,ELlSSBRUnHVAMIK3Sb9I+xGOwmo=,4BvO9YA7R3YQXg5grXZddXEFHY8=
-5,-7,ELlSSBRUnHVAMIK3Sb9I+xGOwmo=,n2uxUKj04io2TmDiijnv7ddtREw=
-5,-5,ELlSSBRUnHVAMIK3Sb9I+xGOwmo=,DIlgKUKQ1atiU8Bv1OxiGaDbQhE=
-5,-4,ELlSSBRUnHVAMIK3Sb9I+xGOwmo=,zBaDAc4J1yB8W+X4Lbu20aJZXr0=
-4,-5,ELlSSBRUnHVAMIK3Sb9I+xGOwmo=,2I6qcef/ultP8o0jDVlsXtHFwT0=
-4,-7,ELlSSBRUnHVAMIK3Sb9I+xGOwmo=,waygNeJC3MhMnA3BHW4H1W5wZ+E=
-4,-4,ELlSSBRUnHVAMIK3Sb9I+xGOwmo=,TsEv5y6QwXAQC+2t8Oh3WJUZJ+4=
-5,-6,ELlSSBRUnHVAMIK3Sb9I+xGOwmo=,DIlgKUKQ1atiU8Bv1OxiGaDbQhE=
-4,-6,ELlSSBRUnHVAMIK3Sb9I+xGOwmo=,2I6qcef/ultP8o0jDVlsXtHFwT0=
-3,-3,TXX/F1pwIXeY7hCVd9SAdLn3IHk=,TsEv5y6QwXAQC+2t8Oh3WJUZJ+4=
-3,-2,TXX/F1pwIXeY7hCVd9SAdLn3IHk=,m6mZq/EfnBFVqg1t8KsCE5IK8Zo=
-2,-2,TXX/F1pwIXeY7hCVd9SAdLn3IHk=,HG/rkejJ/pDIMViFD5ByOT7RrAo=
-2,-3,TXX/F1pwIXeY7hCVd9SAdLn3IHk=,u7Yyf4VJwPusUDSg40KA4lLgTIw=
-6,-7,TXX/F1pwIXeY7hCVd9SAdLn3IHk=,n2uxUKj04io2TmDiijnv7ddtREw=
-7,-7,TXX/F1pwIXeY7hCVd9SAdLn3IHk=,nwYN2tMh7uXVnPX0KdcgzvcgNXc=
-7,-6,TXX/F1pwIXeY7hCVd9SAdLn3IHk=,ZS5aA2bZqPXpOXT5QgznFO9tyNY=
-6,-6,TXX/F1pwIXeY7hCVd9SAdLn3IHk=,DIlgKUKQ1atiU8Bv1OxiGaDbQhE=
-6,-9,TXX/F1pwIXeY7hCVd9SAdLn3IHk=,JIGoU7YrkGGBYoe0iBdGUWT4zoo=
-6,-8,TXX/F1pwIXeY7hCVd9SAdLn3IHk=,n2uxUKj04io2TmDiijnv7ddtREw=
-7,-9,TXX/F1pwIXeY7hCVd9SAdLn3IHk=,OGPFh3oj3UWYpFOs/KEMUM/7E1k=
-7,-8,TXX/F1pwIXeY7hCVd9SAdLn3IHk=,nwYN2tMh7uXVnPX0KdcgzvcgNXc=
-9,-8,TXX/F1pwIXeY7hCVd9SAdLn3IHk=,4bUZpY6H5o7NIlwfebsTksyIMDo=
-9,-9,TXX/F1pwIXeY7hCVd9SAdLn3IHk=,51jwfG7VWCG2/ETCa9GNksX9Gi0=
-8,-9,TXX/F1pwIXeY7hCVd9SAdLn3IHk=,OGPFh3oj3UWYpFOs/KEMUM/7E1k=
-8,-8,TXX/F1pwIXeY7hCVd9SAdLn3IHk=,nwYN2tMh7uXVnPX0KdcgzvcgNXc=
-9,-7,TXX/F1pwIXeY7hCVd9SAdLn3IHk=,4bUZpY6H5o7NIlwfebsTksyIMDo=
-8,-7,TXX/F1pwIXeY7hCVd9SAdLn3IHk=,nwYN2tMh7uXVnPX0KdcgzvcgNXc=
-9,-6,TXX/F1pwIXeY7hCVd9SAdLn3IHk=,HOssmSewQDItHBeMnOe6dqhj56Q=
-8,-6,TXX/F1pwIXeY7hCVd9SAdLn3IHk=,ZS5aA2bZqPXpOXT5QgznFO9tyNY=
-10,-8,TXX/F1pwIXeY7hCVd9SAdLn3IHk=,4bUZpY6H5o7NIlwfebsTksyIMDo=
-11,-8,TXX/F1pwIXeY7hCVd9SAdLn3IHk=,w9ctOHAgt/Vu9rL+nA2Zl6hsIco=
-10,-9,TXX/F1pwIXeY7hCVd9SAdLn3IHk=,51jwfG7VWCG2/ETCa9GNksX9Gi0=
-11,-9,I/d3n0dmoBZYwx2nUqtGED/H4p4=,U6I6tYvhaPAUK0g1lH+Y3LaOwr0=
-12,-8,I/d3n0dmoBZYwx2nUqtGED/H4p4=,w9ctOHAgt/Vu9rL+nA2Zl6hsIco=
-13,-9,I/d3n0dmoBZYwx2nUqtGED/H4p4=,RlbrKU3jjlBIdo/pXsfpG9Jk13w=
-13,-8,I/d3n0dmoBZYwx2nUqtGED/H4p4=,qHj5XQH62kA+fAAGFTEjowmyueY=
-12,-9,I/d3n0dmoBZYwx2nUqtGED/H4p4=,U6I6tYvhaPAUK0g1lH+Y3LaOwr0=
-11,-7,I/d3n0dmoBZYwx2nUqtGED/H4p4=,w9ctOHAgt/Vu9rL+nA2Zl6hsIco=
-10,-7,I/d3n0dmoBZYwx2nUqtGED/H4p4=,4bUZpY6H5o7NIlwfebsTksyIMDo=
-10,-6,I/d3n0dmoBZYwx2nUqtGED/H4p4=,HOssmSewQDItHBeMnOe6dqhj56Q=
-11,-6,I/d3n0dmoBZYwx2nUqtGED/H4p4=,vFW2T60bhCUqDusbAxs4RB0TdtA=
-13,-7,I/d3n0dmoBZYwx2nUqtGED/H4p4=,qHj5XQH62kA+fAAGFTEjowmyueY=
-12,-7,I/d3n0dmoBZYwx2nUqtGED/H4p4=,w9ctOHAgt/Vu9rL+nA2Zl6hsIco=
-13,-6,I/d3n0dmoBZYwx2nUqtGED/H4p4=,sSD/bA1QJnjY/n//mE6mnatxmM8=
-12,-6,I/d3n0dmoBZYwx2nUqtGED/H4p4=,vFW2T60bhCUqDusbAxs4RB0TdtA=
-13,-11,I/d3n0dmoBZYwx2nUqtGED/H4p4=,CP5/MMzU/YzcLUK4if5F/3DkpD0=
-13,-10,I/d3n0dmoBZYwx2nUqtGED/H4p4=,RlbrKU3jjlBIdo/pXsfpG9Jk13w=
-12,-10,I/d3n0dmoBZYwx2nUqtGED/H4p4=,U6I6tYvhaPAUK0g1lH+Y3LaOwr0=
-12,-11,I/d3n0dmoBZYwx2nUqtGED/H4p4=,nTAW1A9PwhHLc2VqLudLCLuojL0=
-14,-14,I/d3n0dmoBZYwx2nUqtGED/H4p4=,zxOB0aMEiqD+hd+/WWhk19J9n7c=
-15,-15,I/d3n0dmoBZYwx2nUqtGED/H4p4=,XH/iwjGRyOowgm5CDO30zv1011g=
-14,-15,I/d3n0dmoBZYwx2nUqtGED/H4p4=,q1VcJ0Y59WU3oJSrqnjS8Cq4lrw=
-15,-14,I/d3n0dmoBZYwx2nUqtGED/H4p4=,R8RqGpdSFKYq+QqZPZ5sBrzM4bw=
-13,-13,I/d3n0dmoBZYwx2nUqtGED/H4p4=,zxOB0aMEiqD+hd+/WWhk19J9n7c=
-13,-15,I/d3n0dmoBZYwx2nUqtGED/H4p4=,q1VcJ0Y59WU3oJSrqnjS8Cq4lrw=
-13,-12,I/d3n0dmoBZYwx2nUqtGED/H4p4=,CP5/MMzU/YzcLUK4if5F/3DkpD0=
-12,-15,I/d3n0dmoBZYwx2nUqtGED/H4p4=,jOC7cGgzops/il8qN+wxxJM9I+E=
-13,-14,I/d3n0dmoBZYwx2nUqtGED/H4p4=,zxOB0aMEiqD+hd+/WWhk19J9n7c=
-12,-14,I/d3n0dmoBZYwx2nUqtGED/H4p4=,aQPSOSSZhJKgntjUBU0uy/3Xgjw=
-12,-13,I/d3n0dmoBZYwx2nUqtGED/H4p4=,aQPSOSSZhJKgntjUBU0uy/3Xgjw=
-12,-12,I/d3n0dmoBZYwx2nUqtGED/H4p4=,nTAW1A9PwhHLc2VqLudLCLuojL0=
-11,-15,83wbIww0GcN30E8ha2t+Q+nrsC8=,jOC7cGgzops/il8qN+wxxJM9I+E=
-10,-15,83wbIww0GcN30E8ha2t+Q+nrsC8=,a6PMNimp8u6Unas6zqR1pEQyTUs=
-10,-14,83wbIww0GcN30E8ha2t+Q+nrsC8=,0/6HxNJHl+bMZzuKZ+2qQnPUFSE=
-11,-14,83wbIww0GcN30E8ha2t+Q+nrsC8=,aQPSOSSZhJKgntjUBU0uy/3Xgjw=
-10,-10,83wbIww0GcN30E8ha2t+Q+nrsC8=,51jwfG7VWCG2/ETCa9GNksX9Gi0=
-11,-10,83wbIww0GcN30E8ha2t+Q+nrsC8=,U6I6tYvhaPAUK0g1lH+Y3LaOwr0=
-11,-13,83wbIww0GcN30E8ha2t+Q+nrsC8=,aQPSOSSZhJKgntjUBU0uy/3Xgjw=
-10,-13,83wbIww0GcN30E8ha2t+Q+nrsC8=,0/6HxNJHl+bMZzuKZ+2qQnPUFSE=
-10,-12,83wbIww0GcN30E8ha2t+Q+nrsC8=,b4Dc3F8heABHnMevAKX18EMHox0=
-11,-12,83wbIww0GcN30E8ha2t+Q+nrsC8=,nTAW1A9PwhHLc2VqLudLCLuojL0=
-11,-11,83wbIww0GcN30E8ha2t+Q+nrsC8=,nTAW1A9PwhHLc2VqLudLCLuojL0=
-10,-11,83wbIww0GcN30E8ha2t+Q+nrsC8=,b4Dc3F8heABHnMevAKX18EMHox0=
-4,-13,83wbIww0GcN30E8ha2t+Q+nrsC8=,nW58X4v9rQhK/vsXLCACq5eqSis=
-4,-10,83wbIww0GcN30E8ha2t+Q+nrsC8=,Og8Q/JWKRzOgUfz7qQGSagvp6Cs=
-5,-10,83wbIww0GcN30E8ha2t+Q+nrsC8=,JIGoU7YrkGGBYoe0iBdGUWT4zoo=
-4,-11,83wbIww0GcN30E8ha2t+Q+nrsC8=,phXRu7j10/5Pm3WMLMzNRIg6sAM=
-5,-13,83wbIww0GcN30E8ha2t+Q+nrsC8=,28PDdr6yVs6x/hTqCi3r4xHfKXk=
-4,-12,83wbIww0GcN30E8ha2t+Q+nrsC8=,phXRu7j10/5Pm3WMLMzNRIg6sAM=
-5,-12,83wbIww0GcN30E8ha2t+Q+nrsC8=,EN7mifggBoF1WC2GrmcbqB1/nbc=
-5,-11,83wbIww0GcN30E8ha2t+Q+nrsC8=,EN7mifggBoF1WC2GrmcbqB1/nbc=
-5,-16,83wbIww0GcN30E8ha2t+Q+nrsC8=,i9nTD2WO7p++h/kqa+ucU6V7ZL8=
-4,-16,83wbIww0GcN30E8ha2t+Q+nrsC8=,c3HTbOmWk/g4XAE8j82mR6RBxlw=
-3,-16,83wbIww0GcN30E8ha2t+Q+nrsC8=,c3HTbOmWk/g4XAE8j82mR6RBxlw=
-2,-16,/I9qfCVxM+oeOwG2StVh75U4x74=,/PTKl0A2g1Ee20Hr6GYWOmTBJMM=
-10,-16,/I9qfCVxM+oeOwG2StVh75U4x74=,a6PMNimp8u6Unas6zqR1pEQyTUs=
-11,-16,/I9qfCVxM+oeOwG2StVh75U4x74=,jOC7cGgzops/il8qN+wxxJM9I+E=
-6,-10,/I9qfCVxM+oeOwG2StVh75U4x74=,JIGoU7YrkGGBYoe0iBdGUWT4zoo=
-6,-13,/I9qfCVxM+oeOwG2StVh75U4x74=,28PDdr6yVs6x/hTqCi3r4xHfKXk=
-6,-12,/I9qfCVxM+oeOwG2StVh75U4x74=,EN7mifggBoF1WC2GrmcbqB1/nbc=
-7,-11,/I9qfCVxM+oeOwG2StVh75U4x74=,wupA8fOEfA3lE2hGnAIoCUfUoBw=
-7,-10,/I9qfCVxM+oeOwG2StVh75U4x74=,OGPFh3oj3UWYpFOs/KEMUM/7E1k=
-7,-13,/I9qfCVxM+oeOwG2StVh75U4x74=,JWGDgADXZUhkN6XmN/baGiYS2tQ=
-9,-11,/I9qfCVxM+oeOwG2StVh75U4x74=,b4Dc3F8heABHnMevAKX18EMHox0=
-6,-11,/I9qfCVxM+oeOwG2StVh75U4x74=,EN7mifggBoF1WC2GrmcbqB1/nbc=
-8,-13,/I9qfCVxM+oeOwG2StVh75U4x74=,JWGDgADXZUhkN6XmN/baGiYS2tQ=
-9,-10,/I9qfCVxM+oeOwG2StVh75U4x74=,51jwfG7VWCG2/ETCa9GNksX9Gi0=
-8,-11,/I9qfCVxM+oeOwG2StVh75U4x74=,wupA8fOEfA3lE2hGnAIoCUfUoBw=
-8,-10,/I9qfCVxM+oeOwG2StVh75U4x74=,OGPFh3oj3UWYpFOs/KEMUM/7E1k=
-7,-12,/I9qfCVxM+oeOwG2StVh75U4x74=,wupA8fOEfA3lE2hGnAIoCUfUoBw=
-8,-12,/I9qfCVxM+oeOwG2StVh75U4x74=,wupA8fOEfA3lE2hGnAIoCUfUoBw=
-9,-13,/I9qfCVxM+oeOwG2StVh75U4x74=,0/6HxNJHl+bMZzuKZ+2qQnPUFSE=
-9,-12,/I9qfCVxM+oeOwG2StVh75U4x74=,b4Dc3F8heABHnMevAKX18EMHox0=
-13,-4,/I9qfCVxM+oeOwG2StVh75U4x74=,lbSLFmCMFZMbyhC9ojwd9iKOCxI=
-13,-5,/I9qfCVxM+oeOwG2StVh75U4x74=,sSD/bA1QJnjY/n//mE6mnatxmM8=
-12,-5,/I9qfCVxM+oeOwG2StVh75U4x74=,vFW2T60bhCUqDusbAxs4RB0TdtA=
-14,-1,/I9qfCVxM+oeOwG2StVh75U4x74=,inZlaURu2G5905u/i2uKVbE1u64=
-15,-1,/I9qfCVxM+oeOwG2StVh75U4x74=,3M6JTzLBHw6ebP3+TGeJpMlLl5Q=
-16,-1,/I9qfCVxM+oeOwG2StVh75U4x74=,3M6JTzLBHw6ebP3+TGeJpMlLl5Q=
-16,-3,/I9qfCVxM+oeOwG2StVh75U4x74=,lkoxJTU90bIBTTaay+ytIEbnaxU=
-14,-2,/I9qfCVxM+oeOwG2StVh75U4x74=,inZlaURu2G5905u/i2uKVbE1u64=
-15,-3,/I9qfCVxM+oeOwG2StVh75U4x74=,lkoxJTU90bIBTTaay+ytIEbnaxU=
-16,-2,/I9qfCVxM+oeOwG2StVh75U4x74=,3M6JTzLBHw6ebP3+TGeJpMlLl5Q=
-15,-2,/I9qfCVxM+oeOwG2StVh75U4x74=,3M6JTzLBHw6ebP3+TGeJpMlLl5Q=
-14,-3,/I9qfCVxM+oeOwG2StVh75U4x74=,lbSLFmCMFZMbyhC9ojwd9iKOCxI=
-14,-8,/I9qfCVxM+oeOwG2StVh75U4x74=,qHj5XQH62kA+fAAGFTEjowmyueY=
-14,-9,/I9qfCVxM+oeOwG2StVh75U4x74=,RlbrKU3jjlBIdo/pXsfpG9Jk13w=
-16,-14,/I9qfCVxM+oeOwG2StVh75U4x74=,R8RqGpdSFKYq+QqZPZ5sBrzM4bw=
-16,-15,/I9qfCVxM+oeOwG2StVh75U4x74=,XH/iwjGRyOowgm5CDO30zv1011g=
-6,-14,/I9qfCVxM+oeOwG2StVh75U4x74=,28PDdr6yVs6x/hTqCi3r4xHfKXk=
-9,-15,/I9qfCVxM+oeOwG2StVh75U4x74=,a6PMNimp8u6Unas6zqR1pEQyTUs=
-7,-15,/I9qfCVxM+oeOwG2StVh75U4x74=,Xh+5ovY8vYkDzo8sx2ev2+Zsf1c=
-9,-16,/I9qfCVxM+oeOwG2StVh75U4x74=,a6PMNimp8u6Unas6zqR1pEQyTUs=
-8,-15,/I9qfCVxM+oeOwG2StVh75U4x74=,Xh+5ovY8vYkDzo8sx2ev2+Zsf1c=
-8,-16,/I9qfCVxM+oeOwG2StVh75U4x74=,Xh+5ovY8vYkDzo8sx2ev2+Zsf1c=
-6,-16,/I9qfCVxM+oeOwG2StVh75U4x74=,i9nTD2WO7p++h/kqa+ucU6V7ZL8=
-7,-16,/I9qfCVxM+oeOwG2StVh75U4x74=,Xh+5ovY8vYkDzo8sx2ev2+Zsf1c=
-6,-15,/I9qfCVxM+oeOwG2StVh75U4x74=,i9nTD2WO7p++h/kqa+ucU6V7ZL8=
-8,-14,/I9qfCVxM+oeOwG2StVh75U4x74=,JWGDgADXZUhkN6XmN/baGiYS2tQ=
-7,-14,/I9qfCVxM+oeOwG2StVh75U4x74=,JWGDgADXZUhkN6XmN/baGiYS2tQ=
-9,-14,/I9qfCVxM+oeOwG2StVh75U4x74=,0/6HxNJHl+bMZzuKZ+2qQnPUFSE=
-15,-11,/I9qfCVxM+oeOwG2StVh75U4x74=,wg/L2OdrN93HV2pFagrmaDL0NBw=
-16,-11,/I9qfCVxM+oeOwG2StVh75U4x74=,wg/L2OdrN93HV2pFagrmaDL0NBw=
-14,-13,/I9qfCVxM+oeOwG2StVh75U4x74=,zxOB0aMEiqD+hd+/WWhk19J9n7c=
-16,-13,/I9qfCVxM+oeOwG2StVh75U4x74=,R8RqGpdSFKYq+QqZPZ5sBrzM4bw=
-16,-12,/I9qfCVxM+oeOwG2StVh75U4x74=,wg/L2OdrN93HV2pFagrmaDL0NBw=
-14,-10,/I9qfCVxM+oeOwG2StVh75U4x74=,RlbrKU3jjlBIdo/pXsfpG9Jk13w=
-15,-13,/I9qfCVxM+oeOwG2StVh75U4x74=,R8RqGpdSFKYq+QqZPZ5sBrzM4bw=
-15,-12,/I9qfCVxM+oeOwG2StVh75U4x74=,wg/L2OdrN93HV2pFagrmaDL0NBw=
-14,-11,/I9qfCVxM+oeOwG2StVh75U4x74=,CP5/MMzU/YzcLUK4if5F/3DkpD0=
-10,-5,/I9qfCVxM+oeOwG2StVh75U4x74=,HOssmSewQDItHBeMnOe6dqhj56Q=
-11,-5,/I9qfCVxM+oeOwG2StVh75U4x74=,vFW2T60bhCUqDusbAxs4RB0TdtA=
-14,-12,/I9qfCVxM+oeOwG2StVh75U4x74=,CP5/MMzU/YzcLUK4if5F/3DkpD0=
-16,-4,/I9qfCVxM+oeOwG2StVh75U4x74=,lkoxJTU90bIBTTaay+ytIEbnaxU=
-6,-4,/I9qfCVxM+oeOwG2StVh75U4x74=,zBaDAc4J1yB8W+X4Lbu20aJZXr0=
-14,-7,/I9qfCVxM+oeOwG2StVh75U4x74=,qHj5XQH62kA+fAAGFTEjowmyueY=
-16,-5,/I9qfCVxM+oeOwG2StVh75U4x74=,IiE6K0L03Q7mZ9HR9mdYb8hcQy4=
-15,-5,/I9qfCVxM+oeOwG2StVh75U4x74=,IiE6K0L03Q7mZ9HR9mdYb8hcQy4=
-15,-4,/I9qfCVxM+oeOwG2StVh75U4x74=,lkoxJTU90bIBTTaay+ytIEbnaxU=
-13,-1,/I9qfCVxM+oeOwG2StVh75U4x74=,inZlaURu2G5905u/i2uKVbE1u64=
-12,-2,/I9qfCVxM+oeOwG2StVh75U4x74=,y+ewc+RBUsh5zR7xODADXbEQ4eE=
-14,-4,/I9qfCVxM+oeOwG2StVh75U4x74=,lbSLFmCMFZMbyhC9ojwd9iKOCxI=
-14,-5,/I9qfCVxM+oeOwG2StVh75U4x74=,sSD/bA1QJnjY/n//mE6mnatxmM8=
-13,-3,/I9qfCVxM+oeOwG2StVh75U4x74=,lbSLFmCMFZMbyhC9ojwd9iKOCxI=
-8,-5,/I9qfCVxM+oeOwG2StVh75U4x74=,ZS5aA2bZqPXpOXT5QgznFO9tyNY=
-12,-1,/I9qfCVxM+oeOwG2StVh75U4x74=,y+ewc+RBUsh5zR7xODADXbEQ4eE=
-6,-5,/I9qfCVxM+oeOwG2StVh75U4x74=,DIlgKUKQ1atiU8Bv1OxiGaDbQhE=
-13,-2,/I9qfCVxM+oeOwG2StVh75U4x74=,inZlaURu2G5905u/i2uKVbE1u64=
-9,-5,/I9qfCVxM+oeOwG2StVh75U4x74=,HOssmSewQDItHBeMnOe6dqhj56Q=
-15,-6,/I9qfCVxM+oeOwG2StVh75U4x74=,IiE6K0L03Q7mZ9HR9mdYb8hcQy4=
-7,-5,/I9qfCVxM+oeOwG2StVh75U4x74=,ZS5aA2bZqPXpOXT5QgznFO9tyNY=
-16,-6,/I9qfCVxM+oeOwG2StVh75U4x74=,IiE6K0L03Q7mZ9HR9mdYb8hcQy4=
-14,-6,/I9qfCVxM+oeOwG2StVh75U4x74=,sSD/bA1QJnjY/n//mE6mnatxmM8=
-2,-1,/I9qfCVxM+oeOwG2StVh75U4x74=,HG/rkejJ/pDIMViFD5ByOT7RrAo=
-3,-1,/I9qfCVxM+oeOwG2StVh75U4x74=,m6mZq/EfnBFVqg1t8KsCE5IK8Zo=
-1,-3,/I9qfCVxM+oeOwG2StVh75U4x74=,u7Yyf4VJwPusUDSg40KA4lLgTIw=
-1,-2,/I9qfCVxM+oeOwG2StVh75U4x74=,HG/rkejJ/pDIMViFD5ByOT7RrAo=
-1,-4,/I9qfCVxM+oeOwG2StVh75U4x74=,u7Yyf4VJwPusUDSg40KA4lLgTIw=
-1,-5,/I9qfCVxM+oeOwG2StVh75U4x74=,4BvO9YA7R3YQXg5grXZddXEFHY8=
-1,-7,/I9qfCVxM+oeOwG2StVh75U4x74=,TNjEXJ+5etr2OIpGTZRJPruG+3M=
-1,-6,/I9qfCVxM+oeOwG2StVh75U4x74=,4BvO9YA7R3YQXg5grXZddXEFHY8=
-1,-8,/I9qfCVxM+oeOwG2StVh75U4x74=,TNjEXJ+5etr2OIpGTZRJPruG+3M=
-1,-9,/I9qfCVxM+oeOwG2StVh75U4x74=,5j2q1aZeBDL27jUTrc52+NoOTD4=
-1,-11,/I9qfCVxM+oeOwG2StVh75U4x74=,8bYmEan9etFVBE77zeKauNyCHJE=
-1,-10,/I9qfCVxM+oeOwG2StVh75U4x74=,5j2q1aZeBDL27jUTrc52+NoOTD4=
-1,-13,/I9qfCVxM+oeOwG2StVh75U4x74=,iB+kAha0jYlxe8XsOGoPk6zo3TI=
-1,-14,/I9qfCVxM+oeOwG2StVh75U4x74=,iB+kAha0jYlxe8XsOGoPk6zo3TI=
-1,-12,/I9qfCVxM+oeOwG2StVh75U4x74=,8bYmEan9etFVBE77zeKauNyCHJE=
-1,-15,/I9qfCVxM+oeOwG2StVh75U4x74=,/PTKl0A2g1Ee20Hr6GYWOmTBJMM=
-16,-16,/I9qfCVxM+oeOwG2StVh75U4x74=,XH/iwjGRyOowgm5CDO30zv1011g=
-12,-16,/I9qfCVxM+oeOwG2StVh75U4x74=,jOC7cGgzops/il8qN+wxxJM9I+E=
-13,-16,/I9qfCVxM+oeOwG2StVh75U4x74=,q1VcJ0Y59WU3oJSrqnjS8Cq4lrw=
-15,-16,/I9qfCVxM+oeOwG2StVh75U4x74=,XH/iwjGRyOowgm5CDO30zv1011g=
-14,-16,/I9qfCVxM+oeOwG2StVh75U4x74=,q1VcJ0Y59WU3oJSrqnjS8Cq4lrw=
-1,-16,/I9qfCVxM+oeOwG2StVh75U4x74=,/PTKl0A2g1Ee20Hr6GYWOmTBJMM=
-8,-2,/I9qfCVxM+oeOwG2StVh75U4x74=,qczafaa9Yo3XLjZEKi8IpCflB40=
-11,-1,/I9qfCVxM+oeOwG2StVh75U4x74=,y+ewc+RBUsh5zR7xODADXbEQ4eE=
-9,-1,/I9qfCVxM+oeOwG2StVh75U4x74=,C/WhsY6J59Y7iaOFK8hdKUtdNZs=
-11,-2,/I9qfCVxM+oeOwG2StVh75U4x74=,y+ewc+RBUsh5zR7xODADXbEQ4eE=
-10,-1,/I9qfCVxM+oeOwG2StVh75U4x74=,C/WhsY6J59Y7iaOFK8hdKUtdNZs=
-10,-2,/I9qfCVxM+oeOwG2StVh75U4x74=,C/WhsY6J59Y7iaOFK8hdKUtdNZs=
-8,-1,/I9qfCVxM+oeOwG2StVh75U4x74=,qczafaa9Yo3XLjZEKi8IpCflB40=
-9,-2,/I9qfCVxM+oeOwG2StVh75U4x74=,C/WhsY6J59Y7iaOFK8hdKUtdNZs=
-1,-1,/I9qfCVxM+oeOwG2StVh75U4x74=,HG/rkejJ/pDIMViFD5ByOT7RrAo=
-6,-3,/I9qfCVxM+oeOwG2StVh75U4x74=,zBaDAc4J1yB8W+X4Lbu20aJZXr0=
-4,-2,/I9qfCVxM+oeOwG2StVh75U4x74=,m6mZq/EfnBFVqg1t8KsCE5IK8Zo=
-6,-1,/I9qfCVxM+oeOwG2StVh75U4x74=,syOHHHGmqfOsAgl/x6w47wE7IWE=
-7,-1,/I9qfCVxM+oeOwG2StVh75U4x74=,qczafaa9Yo3XLjZEKi8IpCflB40=
-5,-3,/I9qfCVxM+oeOwG2StVh75U4x74=,zBaDAc4J1yB8W+X4Lbu20aJZXr0=
-5,-2,/I9qfCVxM+oeOwG2StVh75U4x74=,syOHHHGmqfOsAgl/x6w47wE7IWE=
-4,-3,/I9qfCVxM+oeOwG2StVh75U4x74=,TsEv5y6QwXAQC+2t8Oh3WJUZJ+4=
-4,-1,/I9qfCVxM+oeOwG2StVh75U4x74=,m6mZq/EfnBFVqg1t8KsCE5IK8Zo=
-7,-2,/I9qfCVxM+oeOwG2StVh75U4x74=,qczafaa9Yo3XLjZEKi8IpCflB40=
-6,-2,/I9qfCVxM+oeOwG2StVh75U4x74=,syOHHHGmqfOsAgl/x6w47wE7IWE=
-5,-1,/I9qfCVxM+oeOwG2StVh75U4x74=,syOHHHGmqfOsAgl/x6w47wE7IWE=
-15,-23,H9imVxgXAA7X/hDUB25S3M2P0jo=,gdM717z1qFxEX4mg6na/9T1VHnQ=
-14,-23,H9imVxgXAA7X/hDUB25S3M2P0jo=,Z1PNz//3SxkzgUXwFvs+anQgi7c=
-15,-22,H9imVxgXAA7X/hDUB25S3M2P0jo=,bd1YsnC1gO8Ya+9ZqW8FeMnZauc=
-14,-22,H9imVxgXAA7X/hDUB25S3M2P0jo=,mRLrcA/q8Behf8PjOvxGkMnR0Zg=
-15,-20,H9imVxgXAA7X/hDUB25S3M2P0jo=,MCAJmxhB7wBC+nsJOfXXkP/BpNE=
-15,-21,H9imVxgXAA7X/hDUB25S3M2P0jo=,bd1YsnC1gO8Ya+9ZqW8FeMnZauc=
-14,-20,H9imVxgXAA7X/hDUB25S3M2P0jo=,/Nip8sNKUG4tdS1wrMQdxNHvMQs=
-14,-21,H9imVxgXAA7X/hDUB25S3M2P0jo=,mRLrcA/q8Behf8PjOvxGkMnR0Zg=
-12,-20,H9imVxgXAA7X/hDUB25S3M2P0jo=,pTmyq2pw0IlbQCsn0/rZzHtYPAs=
-13,-21,H9imVxgXAA7X/hDUB25S3M2P0jo=,mRLrcA/q8Behf8PjOvxGkMnR0Zg=
-13,-20,H9imVxgXAA7X/hDUB25S3M2P0jo=,/Nip8sNKUG4tdS1wrMQdxNHvMQs=
-12,-21,H9imVxgXAA7X/hDUB25S3M2P0jo=,6vg9rVq4mdjQnDj0hQRgzRvLh/g=
-12,-18,H9imVxgXAA7X/hDUB25S3M2P0jo=,Gvq5mo0mh5gGhd1BUMRWwr5+itc=
-13,-18,H9imVxgXAA7X/hDUB25S3M2P0jo=,T8GWtVovO2ZhEJfjAP4dAGLPBzo=
-13,-19,H9imVxgXAA7X/hDUB25S3M2P0jo=,/Nip8sNKUG4tdS1wrMQdxNHvMQs=
-12,-19,H9imVxgXAA7X/hDUB25S3M2P0jo=,pTmyq2pw0IlbQCsn0/rZzHtYPAs=
-11,-18,H9imVxgXAA7X/hDUB25S3M2P0jo=,Gvq5mo0mh5gGhd1BUMRWwr5+itc=
-10,-19,H9imVxgXAA7X/hDUB25S3M2P0jo=,1OfqDGGBiTFJW1mf9HFC/nD8yWU=
-11,-19,H9imVxgXAA7X/hDUB25S3M2P0jo=,pTmyq2pw0IlbQCsn0/rZzHtYPAs=
-10,-18,H9imVxgXAA7X/hDUB25S3M2P0jo=,+B9H05UvHVSqiHIx/0d7N1gWiiA=
-11,-21,H9imVxgXAA7X/hDUB25S3M2P0jo=,6vg9rVq4mdjQnDj0hQRgzRvLh/g=
-10,-21,H9imVxgXAA7X/hDUB25S3M2P0jo=,7Bq0O+CN+zAREJch+nTzvXyB5sA=
-10,-20,H9imVxgXAA7X/hDUB25S3M2P0jo=,1OfqDGGBiTFJW1mf9HFC/nD8yWU=
-11,-20,H9imVxgXAA7X/hDUB25S3M2P0jo=,pTmyq2pw0IlbQCsn0/rZzHtYPAs=
-8,-21,FGDMHyD22Mvvj9tNSDkA9D68ZCc=,no5E0OZP9nnFedeu+HtpyR6zz74=
-9,-21,FGDMHyD22Mvvj9tNSDkA9D68ZCc=,7Bq0O+CN+zAREJch+nTzvXyB5sA=
-8,-20,FGDMHyD22Mvvj9tNSDkA9D68ZCc=,B5479Qc/K6r+glCNzL/lxw665/0=
-9,-20,FGDMHyD22Mvvj9tNSDkA9D68ZCc=,1OfqDGGBiTFJW1mf9HFC/nD8yWU=
-8,-22,FGDMHyD22Mvvj9tNSDkA9D68ZCc=,no5E0OZP9nnFedeu+HtpyR6zz74=
-8,-23,FGDMHyD22Mvvj9tNSDkA9D68ZCc=,XIvYEYSTPfr0GoVhmuz7Jx+dsdY=
-9,-22,FGDMHyD22Mvvj9tNSDkA9D68ZCc=,7Bq0O+CN+zAREJch+nTzvXyB5sA=
-9,-23,FGDMHyD22Mvvj9tNSDkA9D68ZCc=,6zQqZLNw3j++B+6BuWNcMuKvdQU=
-7,-22,FGDMHyD22Mvvj9tNSDkA9D68ZCc=,no5E0OZP9nnFedeu+HtpyR6zz74=
-6,-23,FGDMHyD22Mvvj9tNSDkA9D68ZCc=,77VaPI4Oogy06AHKsc+rACsrnkg=
-7,-23,FGDMHyD22Mvvj9tNSDkA9D68ZCc=,XIvYEYSTPfr0GoVhmuz7Jx+dsdY=
-6,-22,FGDMHyD22Mvvj9tNSDkA9D68ZCc=,cz2jpt8B9f37QY+djeyDN6k4/pE=
-6,-25,FGDMHyD22Mvvj9tNSDkA9D68ZCc=,3obgwuCdVGWSN20vtTw3yXnX9aI=
-7,-24,FGDMHyD22Mvvj9tNSDkA9D68ZCc=,XIvYEYSTPfr0GoVhmuz7Jx+dsdY=
-6,-24,FGDMHyD22Mvvj9tNSDkA9D68ZCc=,77VaPI4Oogy06AHKsc+rACsrnkg=
-7,-25,FGDMHyD22Mvvj9tNSDkA9D68ZCc=,0xelc8WAJctpNLnpEc2lgxaap7g=
-6,-27,FGDMHyD22Mvvj9tNSDkA9D68ZCc=,s0f30ITcL+VMfJ05/KkyMyBcw8A=
-7,-26,FGDMHyD22Mvvj9tNSDkA9D68ZCc=,0xelc8WAJctpNLnpEc2lgxaap7g=
-6,-26,FGDMHyD22Mvvj9tNSDkA9D68ZCc=,3obgwuCdVGWSN20vtTw3yXnX9aI=
-7,-27,FGDMHyD22Mvvj9tNSDkA9D68ZCc=,+T/HOIsQb4svtr9+Z5nUW3y6wCU=
-4,-26,RfF31NBSAqIaQw38CkhOnYJt1cc=,ZFHIn2YtS3pGL3/dtotiLsEyvgQ=
-4,-27,RfF31NBSAqIaQw38CkhOnYJt1cc=,xACI+TCJ4FGYWJTKAALJDQGwR+U=
-5,-27,RfF31NBSAqIaQw38CkhOnYJt1cc=,s0f30ITcL+VMfJ05/KkyMyBcw8A=
-5,-26,RfF31NBSAqIaQw38CkhOnYJt1cc=,3obgwuCdVGWSN20vtTw3yXnX9aI=
-5,-28,RfF31NBSAqIaQw38CkhOnYJt1cc=,s0f30ITcL+VMfJ05/KkyMyBcw8A=
-5,-29,RfF31NBSAqIaQw38CkhOnYJt1cc=,uqWDPfmpWDjqQE/cbG+lz34f4ek=
-4,-29,RfF31NBSAqIaQw38CkhOnYJt1cc=,p9Au2W2dtHjbUcsVpbjc80LMOk4=
-4,-28,RfF31NBSAqIaQw38CkhOnYJt1cc=,xACI+TCJ4FGYWJTKAALJDQGwR+U=
-2,-29,RfF31NBSAqIaQw38CkhOnYJt1cc=,0mp/YG4w4DvE03Li8kaarYHhAwk=
-2,-28,RfF31NBSAqIaQw38CkhOnYJt1cc=,jNrOHbytlZwPhIzFFlpyk8DCn30=
-3,-29,RfF31NBSAqIaQw38CkhOnYJt1cc=,p9Au2W2dtHjbUcsVpbjc80LMOk4=
-3,-28,RfF31NBSAqIaQw38CkhOnYJt1cc=,xACI+TCJ4FGYWJTKAALJDQGwR+U=
-7,-29,RfF31NBSAqIaQw38CkhOnYJt1cc=,xP18rChAbUHr6GVlp4zhTthC5RM=
-7,-28,RfF31NBSAqIaQw38CkhOnYJt1cc=,+T/HOIsQb4svtr9+Z5nUW3y6wCU=
-6,-28,RfF31NBSAqIaQw38CkhOnYJt1cc=,s0f30ITcL+VMfJ05/KkyMyBcw8A=
-6,-29,RfF31NBSAqIaQw38CkhOnYJt1cc=,uqWDPfmpWDjqQE/cbG+lz34f4ek=
-3,-32,RfF31NBSAqIaQw38CkhOnYJt1cc=,49/VTc2P9iR/SgiLr+129YvvfoQ=
-2,-31,RfF31NBSAqIaQw38CkhOnYJt1cc=,o9rzIUQTnXki7ATVwluM4vbuGBE=
-2,-32,RfF31NBSAqIaQw38CkhOnYJt1cc=,o9rzIUQTnXki7ATVwluM4vbuGBE=
-3,-31,RfF31NBSAqIaQw38CkhOnYJt1cc=,49/VTc2P9iR/SgiLr+129YvvfoQ=
-2,-30,RfF31NBSAqIaQw38CkhOnYJt1cc=,0mp/YG4w4DvE03Li8kaarYHhAwk=
-3,-30,RfF31NBSAqIaQw38CkhOnYJt1cc=,p9Au2W2dtHjbUcsVpbjc80LMOk4=
-7,-30,RfF31NBSAqIaQw38CkhOnYJt1cc=,xP18rChAbUHr6GVlp4zhTthC5RM=
-5,-32,RfF31NBSAqIaQw38CkhOnYJt1cc=,8YOma3fo/rRF4j2MASCQdHEdG2E=
-4,-32,RfF31NBSAqIaQw38CkhOnYJt1cc=,49/VTc2P9iR/SgiLr+129YvvfoQ=
-5,-31,RfF31NBSAqIaQw38CkhOnYJt1cc=,8YOma3fo/rRF4j2MASCQdHEdG2E=
-6,-31,RfF31NBSAqIaQw38CkhOnYJt1cc=,8YOma3fo/rRF4j2MASCQdHEdG2E=
-4,-31,RfF31NBSAqIaQw38CkhOnYJt1cc=,49/VTc2P9iR/SgiLr+129YvvfoQ=
-6,-30,RfF31NBSAqIaQw38CkhOnYJt1cc=,uqWDPfmpWDjqQE/cbG+lz34f4ek=
-5,-30,RfF31NBSAqIaQw38CkhOnYJt1cc=,uqWDPfmpWDjqQE/cbG+lz34f4ek=
-4,-30,RfF31NBSAqIaQw38CkhOnYJt1cc=,p9Au2W2dtHjbUcsVpbjc80LMOk4=
-12,-29,UUjkHRVnbqX6WFC6b8vNAnW21Kc=,4ro9B5B7fEK8a73aufsV2kFOIqM=
-13,-29,UUjkHRVnbqX6WFC6b8vNAnW21Kc=,er6mrLQn0a7yfxishgJgnDCUcrs=
-12,-28,UUjkHRVnbqX6WFC6b8vNAnW21Kc=,GZIv4tcmNgYMjuNCnNypeqNGzdE=
-13,-28,UUjkHRVnbqX6WFC6b8vNAnW21Kc=,628rvGp+ChaKZhdlKOkdvC59R0Y=
-12,-27,UUjkHRVnbqX6WFC6b8vNAnW21Kc=,GZIv4tcmNgYMjuNCnNypeqNGzdE=
-13,-27,UUjkHRVnbqX6WFC6b8vNAnW21Kc=,628rvGp+ChaKZhdlKOkdvC59R0Y=
-13,-26,UUjkHRVnbqX6WFC6b8vNAnW21Kc=,W4/wugckmYn8HSRDISSvMN1Pxfw=
-12,-26,UUjkHRVnbqX6WFC6b8vNAnW21Kc=,YgWpIbBtnOGBtVgY+kYbzJiDjHA=
-14,-24,UUjkHRVnbqX6WFC6b8vNAnW21Kc=,Z1PNz//3SxkzgUXwFvs+anQgi7c=
-15,-25,UUjkHRVnbqX6WFC6b8vNAnW21Kc=,RB5GHeksBOfElPkdx8pjMv8ZKOU=
-15,-24,UUjkHRVnbqX6WFC6b8vNAnW21Kc=,gdM717z1qFxEX4mg6na/9T1VHnQ=
-14,-25,UUjkHRVnbqX6WFC6b8vNAnW21Kc=,W4/wugckmYn8HSRDISSvMN1Pxfw=
-12,-22,UUjkHRVnbqX6WFC6b8vNAnW21Kc=,6vg9rVq4mdjQnDj0hQRgzRvLh/g=
-13,-25,UUjkHRVnbqX6WFC6b8vNAnW21Kc=,W4/wugckmYn8HSRDISSvMN1Pxfw=
-10,-22,UUjkHRVnbqX6WFC6b8vNAnW21Kc=,7Bq0O+CN+zAREJch+nTzvXyB5sA=
-13,-23,UUjkHRVnbqX6WFC6b8vNAnW21Kc=,Z1PNz//3SxkzgUXwFvs+anQgi7c=
-11,-23,UUjkHRVnbqX6WFC6b8vNAnW21Kc=,NwkKaYqZLglTdVbc8V5mKrjxXXQ=
-10,-23,Hxi5G7nggOcZBX1iqhSBhVn1dj0=,6zQqZLNw3j++B+6BuWNcMuKvdQU=
-12,-23,Hxi5G7nggOcZBX1iqhSBhVn1dj0=,NwkKaYqZLglTdVbc8V5mKrjxXXQ=
-12,-25,Hxi5G7nggOcZBX1iqhSBhVn1dj0=,YgWpIbBtnOGBtVgY+kYbzJiDjHA=
-13,-22,Hxi5G7nggOcZBX1iqhSBhVn1dj0=,mRLrcA/q8Behf8PjOvxGkMnR0Zg=
-8,-24,Hxi5G7nggOcZBX1iqhSBhVn1dj0=,XIvYEYSTPfr0GoVhmuz7Jx+dsdY=
-8,-25,Hxi5G7nggOcZBX1iqhSBhVn1dj0=,0xelc8WAJctpNLnpEc2lgxaap7g=
-13,-24,Hxi5G7nggOcZBX1iqhSBhVn1dj0=,Z1PNz//3SxkzgUXwFvs+anQgi7c=
-9,-24,Hxi5G7nggOcZBX1iqhSBhVn1dj0=,6zQqZLNw3j++B+6BuWNcMuKvdQU=
-11,-25,Hxi5G7nggOcZBX1iqhSBhVn1dj0=,YgWpIbBtnOGBtVgY+kYbzJiDjHA=
-11,-24,Hxi5G7nggOcZBX1iqhSBhVn1dj0=,NwkKaYqZLglTdVbc8V5mKrjxXXQ=
-10,-24,Hxi5G7nggOcZBX1iqhSBhVn1dj0=,6zQqZLNw3j++B+6BuWNcMuKvdQU=
-10,-25,Hxi5G7nggOcZBX1iqhSBhVn1dj0=,bBgI9BhM0G2EKw9gyG3N81xS9j4=
-9,-25,Hxi5G7nggOcZBX1iqhSBhVn1dj0=,bBgI9BhM0G2EKw9gyG3N81xS9j4=
-11,-22,Hxi5G7nggOcZBX1iqhSBhVn1dj0=,6vg9rVq4mdjQnDj0hQRgzRvLh/g=
-12,-24,Hxi5G7nggOcZBX1iqhSBhVn1dj0=,NwkKaYqZLglTdVbc8V5mKrjxXXQ=
-8,-29,Hxi5G7nggOcZBX1iqhSBhVn1dj0=,xP18rChAbUHr6GVlp4zhTthC5RM=
-8,-28,Hxi5G7nggOcZBX1iqhSBhVn1dj0=,+T/HOIsQb4svtr9+Z5nUW3y6wCU=
-10,-26,Hxi5G7nggOcZBX1iqhSBhVn1dj0=,bBgI9BhM0G2EKw9gyG3N81xS9j4=
-11,-27,Hxi5G7nggOcZBX1iqhSBhVn1dj0=,GZIv4tcmNgYMjuNCnNypeqNGzdE=
-9,-27,Hxi5G7nggOcZBX1iqhSBhVn1dj0=,C68Q3EJA1tmU8Ag8GL3x7tzIef0=
-11,-29,Hxi5G7nggOcZBX1iqhSBhVn1dj0=,4ro9B5B7fEK8a73aufsV2kFOIqM=
-9,-29,Hxi5G7nggOcZBX1iqhSBhVn1dj0=,f4EsA5KjnAhbUiLDYxZufdWYkq8=
-10,-29,Hxi5G7nggOcZBX1iqhSBhVn1dj0=,f4EsA5KjnAhbUiLDYxZufdWYkq8=
-9,-28,Hxi5G7nggOcZBX1iqhSBhVn1dj0=,C68Q3EJA1tmU8Ag8GL3x7tzIef0=
-8,-27,Hxi5G7nggOcZBX1iqhSBhVn1dj0=,+T/HOIsQb4svtr9+Z5nUW3y6wCU=
-8,-26,Hxi5G7nggOcZBX1iqhSBhVn1dj0=,0xelc8WAJctpNLnpEc2lgxaap7g=
-9,-26,Hxi5G7nggOcZBX1iqhSBhVn1dj0=,bBgI9BhM0G2EKw9gyG3N81xS9j4=
-10,-28,Hxi5G7nggOcZBX1iqhSBhVn1dj0=,C68Q3EJA1tmU8Ag8GL3x7tzIef0=
-10,-27,Hxi5G7nggOcZBX1iqhSBhVn1dj0=,C68Q3EJA1tmU8Ag8GL3x7tzIef0=
-11,-28,Hxi5G7nggOcZBX1iqhSBhVn1dj0=,GZIv4tcmNgYMjuNCnNypeqNGzdE=
-11,-26,Hxi5G7nggOcZBX1iqhSBhVn1dj0=,YgWpIbBtnOGBtVgY+kYbzJiDjHA=
-16,-28,Hxi5G7nggOcZBX1iqhSBhVn1dj0=,KM1rKIgkn8gykGtEj71YZr/GJ/E=
-16,-29,Hxi5G7nggOcZBX1iqhSBhVn1dj0=,1+CnkkQSecO+OqkthnIhtPERaAA=
-15,-29,Hxi5G7nggOcZBX1iqhSBhVn1dj0=,1+CnkkQSecO+OqkthnIhtPERaAA=
-15,-30,Hxi5G7nggOcZBX1iqhSBhVn1dj0=,1+CnkkQSecO+OqkthnIhtPERaAA=
-14,-30,Hxi5G7nggOcZBX1iqhSBhVn1dj0=,er6mrLQn0a7yfxishgJgnDCUcrs=
-14,-31,Hxi5G7nggOcZBX1iqhSBhVn1dj0=,7w2VAW6ucZInvmEj6zJ0dZ5IgUU=
-15,-28,Hxi5G7nggOcZBX1iqhSBhVn1dj0=,KM1rKIgkn8gykGtEj71YZr/GJ/E=
-6,-32,Hxi5G7nggOcZBX1iqhSBhVn1dj0=,8YOma3fo/rRF4j2MASCQdHEdG2E=
-15,-27,Hxi5G7nggOcZBX1iqhSBhVn1dj0=,KM1rKIgkn8gykGtEj71YZr/GJ/E=
-14,-29,Hxi5G7nggOcZBX1iqhSBhVn1dj0=,er6mrLQn0a7yfxishgJgnDCUcrs=
-15,-26,Hxi5G7nggOcZBX1iqhSBhVn1dj0=,RB5GHeksBOfElPkdx8pjMv8ZKOU=
-14,-26,Hxi5G7nggOcZBX1iqhSBhVn1dj0=,W4/wugckmYn8HSRDISSvMN1Pxfw=
-14,-28,Hxi5G7nggOcZBX1iqhSBhVn1dj0=,628rvGp+ChaKZhdlKOkdvC59R0Y=
-14,-27,Hxi5G7nggOcZBX1iqhSBhVn1dj0=,628rvGp+ChaKZhdlKOkdvC59R0Y=
-8,-30,Hxi5G7nggOcZBX1iqhSBhVn1dj0=,xP18rChAbUHr6GVlp4zhTthC5RM=
-9,-31,Hxi5G7nggOcZBX1iqhSBhVn1dj0=,75W1L1YxbpJA519lLKHhguimSnQ=
-9,-32,Hxi5G7nggOcZBX1iqhSBhVn1dj0=,75W1L1YxbpJA519lLKHhguimSnQ=
-9,-30,Hxi5G7nggOcZBX1iqhSBhVn1dj0=,f4EsA5KjnAhbUiLDYxZufdWYkq8=
-16,-23,Hxi5G7nggOcZBX1iqhSBhVn1dj0=,gdM717z1qFxEX4mg6na/9T1VHnQ=
-16,-22,Hxi5G7nggOcZBX1iqhSBhVn1dj0=,bd1YsnC1gO8Ya+9ZqW8FeMnZauc=
-12,-17,Hxi5G7nggOcZBX1iqhSBhVn1dj0=,Gvq5mo0mh5gGhd1BUMRWwr5+itc=
-13,-17,Hxi5G7nggOcZBX1iqhSBhVn1dj0=,T8GWtVovO2ZhEJfjAP4dAGLPBzo=
-16,-21,Hxi5G7nggOcZBX1iqhSBhVn1dj0=,bd1YsnC1gO8Ya+9ZqW8FeMnZauc=
-16,-20,Hxi5G7nggOcZBX1iqhSBhVn1dj0=,MCAJmxhB7wBC+nsJOfXXkP/BpNE=
-16,-26,Hxi5G7nggOcZBX1iqhSBhVn1dj0=,RB5GHeksBOfElPkdx8pjMv8ZKOU=
-16,-25,Hxi5G7nggOcZBX1iqhSBhVn1dj0=,RB5GHeksBOfElPkdx8pjMv8ZKOU=
-16,-27,Hxi5G7nggOcZBX1iqhSBhVn1dj0=,KM1rKIgkn8gykGtEj71YZr/GJ/E=
-11,-32,Hxi5G7nggOcZBX1iqhSBhVn1dj0=,ozInWpv7g6CDO+s9LBgfdNa3CuM=
-10,-32,Hxi5G7nggOcZBX1iqhSBhVn1dj0=,75W1L1YxbpJA519lLKHhguimSnQ=
-12,-32,Hxi5G7nggOcZBX1iqhSBhVn1dj0=,ozInWpv7g6CDO+s9LBgfdNa3CuM=
-16,-24,Hxi5G7nggOcZBX1iqhSBhVn1dj0=,gdM717z1qFxEX4mg6na/9T1VHnQ=
-12,-31,Hxi5G7nggOcZBX1iqhSBhVn1dj0=,ozInWpv7g6CDO+s9LBgfdNa3CuM=
-13,-32,Hxi5G7nggOcZBX1iqhSBhVn1dj0=,7w2VAW6ucZInvmEj6zJ0dZ5IgUU=
-11,-31,Hxi5G7nggOcZBX1iqhSBhVn1dj0=,ozInWpv7g6CDO+s9LBgfdNa3CuM=
-13,-31,Hxi5G7nggOcZBX1iqhSBhVn1dj0=,7w2VAW6ucZInvmEj6zJ0dZ5IgUU=
-13,-30,Hxi5G7nggOcZBX1iqhSBhVn1dj0=,er6mrLQn0a7yfxishgJgnDCUcrs=
-10,-31,Hxi5G7nggOcZBX1iqhSBhVn1dj0=,75W1L1YxbpJA519lLKHhguimSnQ=
-12,-30,Hxi5G7nggOcZBX1iqhSBhVn1dj0=,4ro9B5B7fEK8a73aufsV2kFOIqM=
-10,-30,Hxi5G7nggOcZBX1iqhSBhVn1dj0=,f4EsA5KjnAhbUiLDYxZufdWYkq8=
-11,-30,Hxi5G7nggOcZBX1iqhSBhVn1dj0=,4ro9B5B7fEK8a73aufsV2kFOIqM=
-15,-17,Hxi5G7nggOcZBX1iqhSBhVn1dj0=,QcVv6fAAN/BbLu5FdNf53aoj5+I=
-16,-17,Hxi5G7nggOcZBX1iqhSBhVn1dj0=,QcVv6fAAN/BbLu5FdNf53aoj5+I=
-15,-18,Hxi5G7nggOcZBX1iqhSBhVn1dj0=,QcVv6fAAN/BbLu5FdNf53aoj5+I=
-14,-17,Hxi5G7nggOcZBX1iqhSBhVn1dj0=,T8GWtVovO2ZhEJfjAP4dAGLPBzo=
-16,-18,Hxi5G7nggOcZBX1iqhSBhVn1dj0=,QcVv6fAAN/BbLu5FdNf53aoj5+I=
-14,-18,Hxi5G7nggOcZBX1iqhSBhVn1dj0=,T8GWtVovO2ZhEJfjAP4dAGLPBzo=
-16,-19,Hxi5G7nggOcZBX1iqhSBhVn1dj0=,MCAJmxhB7wBC+nsJOfXXkP/BpNE=
-15,-19,Hxi5G7nggOcZBX1iqhSBhVn1dj0=,MCAJmxhB7wBC+nsJOfXXkP/BpNE=
-14,-19,Hxi5G7nggOcZBX1iqhSBhVn1dj0=,/Nip8sNKUG4tdS1wrMQdxNHvMQs=
-7,-21,Hxi5G7nggOcZBX1iqhSBhVn1dj0=,no5E0OZP9nnFedeu+HtpyR6zz74=
-7,-20,Hxi5G7nggOcZBX1iqhSBhVn1dj0=,B5479Qc/K6r+glCNzL/lxw665/0=
-6,-21,Hxi5G7nggOcZBX1iqhSBhVn1dj0=,cz2jpt8B9f37QY+djeyDN6k4/pE=
-6,-20,Hxi5G7nggOcZBX1iqhSBhVn1dj0=,FyzJs5yMq4e/lKem9+4EPNPMijQ=
-4,-18,Hxi5G7nggOcZBX1iqhSBhVn1dj0=,Y4C7YaNV6SSXWV/h83pYSQHukN4=
-5,-18,Hxi5G7nggOcZBX1iqhSBhVn1dj0=,2On/uaoIUg9VDx0chxi20CSTVs8=
-5,-19,Hxi5G7nggOcZBX1iqhSBhVn1dj0=,FyzJs5yMq4e/lKem9+4EPNPMijQ=
-4,-19,Hxi5G7nggOcZBX1iqhSBhVn1dj0=,8ykSST7FdHDz94ImTwhMefUn9us=
-4,-24,Hxi5G7nggOcZBX1iqhSBhVn1dj0=,XgK9MAlddOMOdv8galv/SFwiYnw=
-5,-24,Hxi5G7nggOcZBX1iqhSBhVn1dj0=,77VaPI4Oogy06AHKsc+rACsrnkg=
-4,-25,Hxi5G7nggOcZBX1iqhSBhVn1dj0=,ZFHIn2YtS3pGL3/dtotiLsEyvgQ=
-5,-25,Hxi5G7nggOcZBX1iqhSBhVn1dj0=,3obgwuCdVGWSN20vtTw3yXnX9aI=
-5,-23,VqYxnODul+2PyOklx7VheY7dezw=,77VaPI4Oogy06AHKsc+rACsrnkg=
-4,-23,VqYxnODul+2PyOklx7VheY7dezw=,XgK9MAlddOMOdv8galv/SFwiYnw=
-5,-22,VqYxnODul+2PyOklx7VheY7dezw=,cz2jpt8B9f37QY+djeyDN6k4/pE=
-5,-21,VqYxnODul+2PyOklx7VheY7dezw=,cz2jpt8B9f37QY+djeyDN6k4/pE=
-4,-22,VqYxnODul+2PyOklx7VheY7dezw=,PonRksBKmklsMKQtlkSkijXYlNk=
-4,-20,VqYxnODul+2PyOklx7VheY7dezw=,8ykSST7FdHDz94ImTwhMefUn9us=
-5,-20,VqYxnODul+2PyOklx7VheY7dezw=,FyzJs5yMq4e/lKem9+4EPNPMijQ=
-2,-23,VqYxnODul+2PyOklx7VheY7dezw=,ea+5O9Hz04EFadH1osMxStOdQSk=
-4,-21,VqYxnODul+2PyOklx7VheY7dezw=,PonRksBKmklsMKQtlkSkijXYlNk=
-3,-23,VqYxnODul+2PyOklx7VheY7dezw=,XgK9MAlddOMOdv8galv/SFwiYnw=
-3,-22,VqYxnODul+2PyOklx7VheY7dezw=,PonRksBKmklsMKQtlkSkijXYlNk=
-2,-22,VqYxnODul+2PyOklx7VheY7dezw=,xOWEuFzzHyuhLKN9k75JS4TWbzA=
-5,-17,VqYxnODul+2PyOklx7VheY7dezw=,2On/uaoIUg9VDx0chxi20CSTVs8=
-4,-17,VqYxnODul+2PyOklx7VheY7dezw=,Y4C7YaNV6SSXWV/h83pYSQHukN4=
-3,-26,VqYxnODul+2PyOklx7VheY7dezw=,ZFHIn2YtS3pGL3/dtotiLsEyvgQ=
-2,-24,VqYxnODul+2PyOklx7VheY7dezw=,ea+5O9Hz04EFadH1osMxStOdQSk=
-3,-27,VqYxnODul+2PyOklx7VheY7dezw=,xACI+TCJ4FGYWJTKAALJDQGwR+U=
-2,-27,VqYxnODul+2PyOklx7VheY7dezw=,jNrOHbytlZwPhIzFFlpyk8DCn30=
-3,-25,VqYxnODul+2PyOklx7VheY7dezw=,ZFHIn2YtS3pGL3/dtotiLsEyvgQ=
-3,-24,VqYxnODul+2PyOklx7VheY7dezw=,XgK9MAlddOMOdv8galv/SFwiYnw=
-2,-26,VqYxnODul+2PyOklx7VheY7dezw=,X+HzhU0dMkAZQpXIHBRX4xhdEK4=
-2,-25,VqYxnODul+2PyOklx7VheY7dezw=,X+HzhU0dMkAZQpXIHBRX4xhdEK4=
-11,-17,VqYxnODul+2PyOklx7VheY7dezw=,Gvq5mo0mh5gGhd1BUMRWwr5+itc=
-1,-27,VqYxnODul+2PyOklx7VheY7dezw=,jNrOHbytlZwPhIzFFlpyk8DCn30=
-10,-17,VqYxnODul+2PyOklx7VheY7dezw=,+B9H05UvHVSqiHIx/0d7N1gWiiA=
-1,-26,VqYxnODul+2PyOklx7VheY7dezw=,X+HzhU0dMkAZQpXIHBRX4xhdEK4=
-1,-31,VqYxnODul+2PyOklx7VheY7dezw=,o9rzIUQTnXki7ATVwluM4vbuGBE=
-1,-28,VqYxnODul+2PyOklx7VheY7dezw=,jNrOHbytlZwPhIzFFlpyk8DCn30=
-1,-30,VqYxnODul+2PyOklx7VheY7dezw=,0mp/YG4w4DvE03Li8kaarYHhAwk=
-1,-29,VqYxnODul+2PyOklx7VheY7dezw=,0mp/YG4w4DvE03Li8kaarYHhAwk=
-16,-30,VqYxnODul+2PyOklx7VheY7dezw=,1+CnkkQSecO+OqkthnIhtPERaAA=
-1,-24,VqYxnODul+2PyOklx7VheY7dezw=,ea+5O9Hz04EFadH1osMxStOdQSk=
-14,-32,VqYxnODul+2PyOklx7VheY7dezw=,7w2VAW6ucZInvmEj6zJ0dZ5IgUU=
-1,-25,VqYxnODul+2PyOklx7VheY7dezw=,X+HzhU0dMkAZQpXIHBRX4xhdEK4=
-1,-32,VqYxnODul+2PyOklx7VheY7dezw=,o9rzIUQTnXki7ATVwluM4vbuGBE=
-1,-23,VqYxnODul+2PyOklx7VheY7dezw=,ea+5O9Hz04EFadH1osMxStOdQSk=
-1,-22,VqYxnODul+2PyOklx7VheY7dezw=,xOWEuFzzHyuhLKN9k75JS4TWbzA=
-3,-17,VqYxnODul+2PyOklx7VheY7dezw=,Y4C7YaNV6SSXWV/h83pYSQHukN4=
-1,-17,VqYxnODul+2PyOklx7VheY7dezw=,3GEy6IRoF0j4DhHbXOoFYDwBqWg=
-2,-17,VqYxnODul+2PyOklx7VheY7dezw=,3GEy6IRoF0j4DhHbXOoFYDwBqWg=
-3,-18,VqYxnODul+2PyOklx7VheY7dezw=,Y4C7YaNV6SSXWV/h83pYSQHukN4=
-2,-20,VqYxnODul+2PyOklx7VheY7dezw=,8RorzUk81XqWJLVss7K/C4mz1DU=
-1,-18,VqYxnODul+2PyOklx7VheY7dezw=,3GEy6IRoF0j4DhHbXOoFYDwBqWg=
-1,-20,VqYxnODul+2PyOklx7VheY7dezw=,8RorzUk81XqWJLVss7K/C4mz1DU=
-3,-21,VqYxnODul+2PyOklx7VheY7dezw=,PonRksBKmklsMKQtlkSkijXYlNk=
-3,-19,VqYxnODul+2PyOklx7VheY7dezw=,8ykSST7FdHDz94ImTwhMefUn9us=
-2,-21,VqYxnODul+2PyOklx7VheY7dezw=,xOWEuFzzHyuhLKN9k75JS4TWbzA=
-3,-20,VqYxnODul+2PyOklx7VheY7dezw=,8ykSST7FdHDz94ImTwhMefUn9us=
-1,-19,VqYxnODul+2PyOklx7VheY7dezw=,8RorzUk81XqWJLVss7K/C4mz1DU=
-1,-21,VqYxnODul+2PyOklx7VheY7dezw=,xOWEuFzzHyuhLKN9k75JS4TWbzA=
-2,-19,VqYxnODul+2PyOklx7VheY7dezw=,8RorzUk81XqWJLVss7K/C4mz1DU=
-9,-17,VqYxnODul+2PyOklx7VheY7dezw=,+B9H05UvHVSqiHIx/0d7N1gWiiA=
-9,-18,VqYxnODul+2PyOklx7VheY7dezw=,+B9H05UvHVSqiHIx/0d7N1gWiiA=
-2,-18,VqYxnODul+2PyOklx7VheY7dezw=,3GEy6IRoF0j4DhHbXOoFYDwBqWg=
-8,-18,VqYxnODul+2PyOklx7VheY7dezw=,TMbsTNqT0BZbD64EaOpoZx7nlug=
-9,-19,VqYxnODul+2PyOklx7VheY7dezw=,1OfqDGGBiTFJW1mf9HFC/nD8yWU=
-7,-19,VqYxnODul+2PyOklx7VheY7dezw=,B5479Qc/K6r+glCNzL/lxw665/0=
-8,-19,VqYxnODul+2PyOklx7VheY7dezw=,B5479Qc/K6r+glCNzL/lxw665/0=
-8,-17,VqYxnODul+2PyOklx7VheY7dezw=,TMbsTNqT0BZbD64EaOpoZx7nlug=
-6,-17,VqYxnODul+2PyOklx7VheY7dezw=,2On/uaoIUg9VDx0chxi20CSTVs8=
-7,-18,VqYxnODul+2PyOklx7VheY7dezw=,TMbsTNqT0BZbD64EaOpoZx7nlug=
-6,-18,VqYxnODul+2PyOklx7VheY7dezw=,2On/uaoIUg9VDx0chxi20CSTVs8=
-7,-17,VqYxnODul+2PyOklx7VheY7dezw=,TMbsTNqT0BZbD64EaOpoZx7nlug=
-6,-19,VqYxnODul+2PyOklx7VheY7dezw=,FyzJs5yMq4e/lKem9+4EPNPMijQ=
-23,-19,1wd5G3fujlSF2Arq42n7MXHR9is=,bC16jaBNUIwYEVYQbXQGpuZBBPY=
-23,-18,1wd5G3fujlSF2Arq42n7MXHR9is=,SdUHIkpGzolN3HgdBl4HumWYvj8=
-22,-19,1wd5G3fujlSF2Arq42n7MXHR9is=,TxDDtbHySH4iL1N8aMYaDLbmMKY=
-22,-18,1wd5G3fujlSF2Arq42n7MXHR9is=,6b8sUG+vDvPcr0YYFLzt+vYBEu0=
-20,-19,1wd5G3fujlSF2Arq42n7MXHR9is=,2bBnGu5nDBEXxrPEOmJRDKVg8AE=
-20,-18,1wd5G3fujlSF2Arq42n7MXHR9is=,iF83GGntYkipXtQ4dV0TLcXM+Jo=
-21,-19,1wd5G3fujlSF2Arq42n7MXHR9is=,TxDDtbHySH4iL1N8aMYaDLbmMKY=
-21,-18,v2hby2Q4Z5t4NszBnIgc0jc6HlE=,6b8sUG+vDvPcr0YYFLzt+vYBEu0=
-18,-18,v2hby2Q4Z5t4NszBnIgc0jc6HlE=,xDaX3itD60fO8ot6/AWE/tm7SO8=
-18,-19,v2hby2Q4Z5t4NszBnIgc0jc6HlE=,OGDCfpmPUCERSsvi20pjsh+OrVw=
-19,-18,v2hby2Q4Z5t4NszBnIgc0jc6HlE=,iF83GGntYkipXtQ4dV0TLcXM+Jo=
-19,-19,v2hby2Q4Z5t4NszBnIgc0jc6HlE=,2bBnGu5nDBEXxrPEOmJRDKVg8AE=
-18,-20,v2hby2Q4Z5t4NszBnIgc0jc6HlE=,OGDCfpmPUCERSsvi20pjsh+OrVw=
-19,-21,v2hby2Q4Z5t4NszBnIgc0jc6HlE=,aWiEHcT2kuCYAKfyqWwRklirwTk=
-18,-21,v2hby2Q4Z5t4NszBnIgc0jc6HlE=,6fGrSrilRUltCMzHEz+y/dV6XWI=
-19,-20,v2hby2Q4Z5t4NszBnIgc0jc6HlE=,2bBnGu5nDBEXxrPEOmJRDKVg8AE=
-19,-23,v2hby2Q4Z5t4NszBnIgc0jc6HlE=,y9NBA0CSYDmCyDCTUYIsR/EmH38=
-18,-22,v2hby2Q4Z5t4NszBnIgc0jc6HlE=,6fGrSrilRUltCMzHEz+y/dV6XWI=
-19,-22,v2hby2Q4Z5t4NszBnIgc0jc6HlE=,aWiEHcT2kuCYAKfyqWwRklirwTk=
-18,-23,v2hby2Q4Z5t4NszBnIgc0jc6HlE=,iPwRQs4bKmsRqr/IUkxjKU2OFlE=
-21,-20,v2hby2Q4Z5t4NszBnIgc0jc6HlE=,TxDDtbHySH4iL1N8aMYaDLbmMKY=
-17,-22,v2hby2Q4Z5t4NszBnIgc0jc6HlE=,6fGrSrilRUltCMzHEz+y/dV6XWI=
-20,-20,v2hby2Q4Z5t4NszBnIgc0jc6HlE=,2bBnGu5nDBEXxrPEOmJRDKVg8AE=
-17,-23,v2hby2Q4Z5t4NszBnIgc0jc6HlE=,iPwRQs4bKmsRqr/IUkxjKU2OFlE=
-20,-21,v2hby2Q4Z5t4NszBnIgc0jc6HlE=,aWiEHcT2kuCYAKfyqWwRklirwTk=
-20,-23,v2hby2Q4Z5t4NszBnIgc0jc6HlE=,y9NBA0CSYDmCyDCTUYIsR/EmH38=
-18,-17,v2hby2Q4Z5t4NszBnIgc0jc6HlE=,xDaX3itD60fO8ot6/AWE/tm7SO8=
-20,-22,v2hby2Q4Z5t4NszBnIgc0jc6HlE=,aWiEHcT2kuCYAKfyqWwRklirwTk=
-19,-17,v2hby2Q4Z5t4NszBnIgc0jc6HlE=,iF83GGntYkipXtQ4dV0TLcXM+Jo=
-24,-17,v2hby2Q4Z5t4NszBnIgc0jc6HlE=,SdUHIkpGzolN3HgdBl4HumWYvj8=
-17,-28,v2hby2Q4Z5t4NszBnIgc0jc6HlE=,JKG+Dg0a9wYBf17eCCrDICweTL4=
-18,-28,v2hby2Q4Z5t4NszBnIgc0jc6HlE=,JKG+Dg0a9wYBf17eCCrDICweTL4=
-24,-18,v2hby2Q4Z5t4NszBnIgc0jc6HlE=,SdUHIkpGzolN3HgdBl4HumWYvj8=
-24,-19,v2hby2Q4Z5t4NszBnIgc0jc6HlE=,bC16jaBNUIwYEVYQbXQGpuZBBPY=
-19,-28,v2hby2Q4Z5t4NszBnIgc0jc6HlE=,5zOgpUhdyxoPtG9lbH0/WWlunbI=
-23,-17,v2hby2Q4Z5t4NszBnIgc0jc6HlE=,SdUHIkpGzolN3HgdBl4HumWYvj8=
-22,-17,v2hby2Q4Z5t4NszBnIgc0jc6HlE=,6b8sUG+vDvPcr0YYFLzt+vYBEu0=
-23,-20,v2hby2Q4Z5t4NszBnIgc0jc6HlE=,bC16jaBNUIwYEVYQbXQGpuZBBPY=
-24,-20,v2hby2Q4Z5t4NszBnIgc0jc6HlE=,bC16jaBNUIwYEVYQbXQGpuZBBPY=
-20,-28,v2hby2Q4Z5t4NszBnIgc0jc6HlE=,5zOgpUhdyxoPtG9lbH0/WWlunbI=
-17,-20,v2hby2Q4Z5t4NszBnIgc0jc6HlE=,OGDCfpmPUCERSsvi20pjsh+OrVw=
-17,-17,v2hby2Q4Z5t4NszBnIgc0jc6HlE=,xDaX3itD60fO8ot6/AWE/tm7SO8=
-22,-20,v2hby2Q4Z5t4NszBnIgc0jc6HlE=,TxDDtbHySH4iL1N8aMYaDLbmMKY=
-17,-19,v2hby2Q4Z5t4NszBnIgc0jc6HlE=,OGDCfpmPUCERSsvi20pjsh+OrVw=
-21,-17,v2hby2Q4Z5t4NszBnIgc0jc6HlE=,6b8sUG+vDvPcr0YYFLzt+vYBEu0=
-17,-18,v2hby2Q4Z5t4NszBnIgc0jc6HlE=,xDaX3itD60fO8ot6/AWE/tm7SO8=
-17,-21,v2hby2Q4Z5t4NszBnIgc0jc6HlE=,6fGrSrilRUltCMzHEz+y/dV6XWI=
-20,-17,v2hby2Q4Z5t4NszBnIgc0jc6HlE=,iF83GGntYkipXtQ4dV0TLcXM+Jo=
-17,-26,v2hby2Q4Z5t4NszBnIgc0jc6HlE=,x3wjK1VnlJdo4OaxU4NWENfOmGs=
-17,-27,v2hby2Q4Z5t4NszBnIgc0jc6HlE=,JKG+Dg0a9wYBf17eCCrDICweTL4=
-17,-25,v2hby2Q4Z5t4NszBnIgc0jc6HlE=,x3wjK1VnlJdo4OaxU4NWENfOmGs=
-17,-24,v2hby2Q4Z5t4NszBnIgc0jc6HlE=,iPwRQs4bKmsRqr/IUkxjKU2OFlE=
-19,-27,v2hby2Q4Z5t4NszBnIgc0jc6HlE=,5zOgpUhdyxoPtG9lbH0/WWlunbI=
-20,-27,v2hby2Q4Z5t4NszBnIgc0jc6HlE=,5zOgpUhdyxoPtG9lbH0/WWlunbI=
-18,-27,v2hby2Q4Z5t4NszBnIgc0jc6HlE=,JKG+Dg0a9wYBf17eCCrDICweTL4=
-19,-24,v2hby2Q4Z5t4NszBnIgc0jc6HlE=,y9NBA0CSYDmCyDCTUYIsR/EmH38=
-19,-26,v2hby2Q4Z5t4NszBnIgc0jc6HlE=,FabNG+p8aJQ2p9XftrRW+Zllhuk=
-18,-24,v2hby2Q4Z5t4NszBnIgc0jc6HlE=,iPwRQs4bKmsRqr/IUkxjKU2OFlE=
-20,-26,v2hby2Q4Z5t4NszBnIgc0jc6HlE=,FabNG+p8aJQ2p9XftrRW+Zllhuk=
-18,-25,v2hby2Q4Z5t4NszBnIgc0jc6HlE=,x3wjK1VnlJdo4OaxU4NWENfOmGs=
-20,-24,v2hby2Q4Z5t4NszBnIgc0jc6HlE=,y9NBA0CSYDmCyDCTUYIsR/EmH38=
-20,-25,v2hby2Q4Z5t4NszBnIgc0jc6HlE=,FabNG+p8aJQ2p9XftrRW+Zllhuk=
-18,-26,v2hby2Q4Z5t4NszBnIgc0jc6HlE=,x3wjK1VnlJdo4OaxU4NWENfOmGs=
-19,-25,v2hby2Q4Z5t4NszBnIgc0jc6HlE=,FabNG+p8aJQ2p9XftrRW+Zllhuk=
-28,-1,v2hby2Q4Z5t4NszBnIgc0jc6HlE=,dx3VTuBII0az3VSNfqLlmTXVx8I=
-29,-1,v2hby2Q4Z5t4NszBnIgc0jc6HlE=,82WFhe3VbBiCT/Eb48khIW6xLHI=
-26,-1,v2hby2Q4Z5t4NszBnIgc0jc6HlE=,TNCyCmgyjjqcPw6L+eUefTJm2EI=
-27,-1,v2hby2Q4Z5t4NszBnIgc0jc6HlE=,dx3VTuBII0az3VSNfqLlmTXVx8I=
-21,-1,v2hby2Q4Z5t4NszBnIgc0jc6HlE=,gI0aOzBXiT9xcSn1gTiUYNVVpwo=
-20,-1,v2hby2Q4Z5t4NszBnIgc0jc6HlE=,5th6ETAmSYvy3G+Rd9jWjdvie7Y=
-21,-2,v2hby2Q4Z5t4NszBnIgc0jc6HlE=,gI0aOzBXiT9xcSn1gTiUYNVVpwo=
-20,-2,v2hby2Q4Z5t4NszBnIgc0jc6HlE=,5th6ETAmSYvy3G+Rd9jWjdvie7Y=
-23,-2,v2hby2Q4Z5t4NszBnIgc0jc6HlE=,9fETtw4ycmR3eFIc8jfFkYADn9E=
-22,-2,v2hby2Q4Z5t4NszBnIgc0jc6HlE=,gI0aOzBXiT9xcSn1gTiUYNVVpwo=
-19,-1,v2hby2Q4Z5t4NszBnIgc0jc6HlE=,5th6ETAmSYvy3G+Rd9jWjdvie7Y=
-18,-1,v2hby2Q4Z5t4NszBnIgc0jc6HlE=,79puC5EI0l1oLIyFaBESgssYN8I=
-30,-1,v2hby2Q4Z5t4NszBnIgc0jc6HlE=,82WFhe3VbBiCT/Eb48khIW6xLHI=
-31,-1,v2hby2Q4Z5t4NszBnIgc0jc6HlE=,5d0yjYg38XHq+eu3vPr/CeNfzDg=
-18,-2,Iga92ZeXiNqdyZADm/aJux2+ors=,79puC5EI0l1oLIyFaBESgssYN8I=
-19,-2,Iga92ZeXiNqdyZADm/aJux2+ors=,5th6ETAmSYvy3G+Rd9jWjdvie7Y=
-22,-6,Iga92ZeXiNqdyZADm/aJux2+ors=,R59pH7cxJKbTqwBSSVUYoEpfJXI=
-22,-7,Iga92ZeXiNqdyZADm/aJux2+ors=,XUltiCcQdh5heHIzNF0SD9TQB4c=
-22,-5,Iga92ZeXiNqdyZADm/aJux2+ors=,R59pH7cxJKbTqwBSSVUYoEpfJXI=
-21,-15,Iga92ZeXiNqdyZADm/aJux2+ors=,SDbUB2MtqXLwjxmb1Z3WAoKd8JQ=
-21,-16,Iga92ZeXiNqdyZADm/aJux2+ors=,SDbUB2MtqXLwjxmb1Z3WAoKd8JQ=
-20,-16,Iga92ZeXiNqdyZADm/aJux2+ors=,AJEQPDcBumfH9MqkPlx2q/8uZxw=
-24,-16,Iga92ZeXiNqdyZADm/aJux2+ors=,jnz8TWjCvLPj1lMPlP7SA+FfxhU=
-20,-15,Iga92ZeXiNqdyZADm/aJux2+ors=,AJEQPDcBumfH9MqkPlx2q/8uZxw=
-23,-15,Iga92ZeXiNqdyZADm/aJux2+ors=,jnz8TWjCvLPj1lMPlP7SA+FfxhU=
-24,-15,Iga92ZeXiNqdyZADm/aJux2+ors=,jnz8TWjCvLPj1lMPlP7SA+FfxhU=
-22,-15,Iga92ZeXiNqdyZADm/aJux2+ors=,SDbUB2MtqXLwjxmb1Z3WAoKd8JQ=
-23,-16,Iga92ZeXiNqdyZADm/aJux2+ors=,jnz8TWjCvLPj1lMPlP7SA+FfxhU=
-20,-8,Iga92ZeXiNqdyZADm/aJux2+ors=,dyZqeZE2RT1azsOAy9K3wuk2Bos=
-21,-8,Iga92ZeXiNqdyZADm/aJux2+ors=,XUltiCcQdh5heHIzNF0SD9TQB4c=
-22,-1,Iga92ZeXiNqdyZADm/aJux2+ors=,gI0aOzBXiT9xcSn1gTiUYNVVpwo=
-24,-1,Iga92ZeXiNqdyZADm/aJux2+ors=,9fETtw4ycmR3eFIc8jfFkYADn9E=
-23,-1,Iga92ZeXiNqdyZADm/aJux2+ors=,9fETtw4ycmR3eFIc8jfFkYADn9E=
-19,-15,Iga92ZeXiNqdyZADm/aJux2+ors=,AJEQPDcBumfH9MqkPlx2q/8uZxw=
-25,-1,Iga92ZeXiNqdyZADm/aJux2+ors=,TNCyCmgyjjqcPw6L+eUefTJm2EI=
-31,-2,Iga92ZeXiNqdyZADm/aJux2+ors=,5d0yjYg38XHq+eu3vPr/CeNfzDg=
-32,-1,Iga92ZeXiNqdyZADm/aJux2+ors=,5d0yjYg38XHq+eu3vPr/CeNfzDg=
-17,-1,Iga92ZeXiNqdyZADm/aJux2+ors=,79puC5EI0l1oLIyFaBESgssYN8I=
-22,-8,Iga92ZeXiNqdyZADm/aJux2+ors=,XUltiCcQdh5heHIzNF0SD9TQB4c=
-19,-8,Iga92ZeXiNqdyZADm/aJux2+ors=,dyZqeZE2RT1azsOAy9K3wuk2Bos=
-22,-16,Iga92ZeXiNqdyZADm/aJux2+ors=,SDbUB2MtqXLwjxmb1Z3WAoKd8JQ=
-30,-2,Iga92ZeXiNqdyZADm/aJux2+ors=,82WFhe3VbBiCT/Eb48khIW6xLHI=
-32,-2,Iga92ZeXiNqdyZADm/aJux2+ors=,5d0yjYg38XHq+eu3vPr/CeNfzDg=
-29,-2,Iga92ZeXiNqdyZADm/aJux2+ors=,82WFhe3VbBiCT/Eb48khIW6xLHI=
-17,-2,Iga92ZeXiNqdyZADm/aJux2+ors=,79puC5EI0l1oLIyFaBESgssYN8I=
-28,-2,Iga92ZeXiNqdyZADm/aJux2+ors=,dx3VTuBII0az3VSNfqLlmTXVx8I=
-25,-2,Iga92ZeXiNqdyZADm/aJux2+ors=,TNCyCmgyjjqcPw6L+eUefTJm2EI=
-27,-2,Iga92ZeXiNqdyZADm/aJux2+ors=,dx3VTuBII0az3VSNfqLlmTXVx8I=
-26,-2,Iga92ZeXiNqdyZADm/aJux2+ors=,TNCyCmgyjjqcPw6L+eUefTJm2EI=
-19,-16,Iga92ZeXiNqdyZADm/aJux2+ors=,AJEQPDcBumfH9MqkPlx2q/8uZxw=
-19,-7,Iga92ZeXiNqdyZADm/aJux2+ors=,dyZqeZE2RT1azsOAy9K3wuk2Bos=
-24,-2,Iga92ZeXiNqdyZADm/aJux2+ors=,9fETtw4ycmR3eFIc8jfFkYADn9E=
-19,-5,Iga92ZeXiNqdyZADm/aJux2+ors=,Q8A/ymR+xKjLezDMSRWt2zIaKQ8=
-17,-5,Iga92ZeXiNqdyZADm/aJux2+ors=,LCuMWOU8yKGp78sGtnBGry1lHoE=
-20,-7,Iga92ZeXiNqdyZADm/aJux2+ors=,dyZqeZE2RT1azsOAy9K3wuk2Bos=
-21,-5,Iga92ZeXiNqdyZADm/aJux2+ors=,R59pH7cxJKbTqwBSSVUYoEpfJXI=
-21,-7,Iga92ZeXiNqdyZADm/aJux2+ors=,XUltiCcQdh5heHIzNF0SD9TQB4c=
-18,-5,Iga92ZeXiNqdyZADm/aJux2+ors=,LCuMWOU8yKGp78sGtnBGry1lHoE=
-20,-5,Iga92ZeXiNqdyZADm/aJux2+ors=,Q8A/ymR+xKjLezDMSRWt2zIaKQ8=
-21,-6,Iga92ZeXiNqdyZADm/aJux2+ors=,R59pH7cxJKbTqwBSSVUYoEpfJXI=
-17,-6,Iga92ZeXiNqdyZADm/aJux2+ors=,LCuMWOU8yKGp78sGtnBGry1lHoE=
-20,-6,Iga92ZeXiNqdyZADm/aJux2+ors=,Q8A/ymR+xKjLezDMSRWt2zIaKQ8=
-18,-6,Iga92ZeXiNqdyZADm/aJux2+ors=,LCuMWOU8yKGp78sGtnBGry1lHoE=
-19,-6,Iga92ZeXiNqdyZADm/aJux2+ors=,Q8A/ymR+xKjLezDMSRWt2zIaKQ8=
